<?xml version="1.0" encoding="UTF-8"?>
<project-private xmlns="http://www.netbeans.org/ns/project-private/1">
    <editor-bookmarks xmlns="http://www.netbeans.org/ns/editor-bookmarks/2" lastBookmarkId="0"/>
    <open-files xmlns="http://www.netbeans.org/ns/projectui-open-files/2">
        <group>
            <file>file:/C:/Users/saimo/Documents/NetBeansProjects/POO-master/org.unipampa.edu.br.trabalho/src/org/unipampa/edu/br/model/dao/VeiculoDAO.java</file>
            <file>file:/C:/Users/saimo/Documents/NetBeansProjects/POO-master/org.unipampa.edu.br.trabalho/src/org/unipampa/edu/br/model/dao/ViagemDAO.java</file>
            <file>file:/C:/Users/saimo/Documents/NetBeansProjects/POO-master/org.unipampa.edu.br.trabalho/src/org/unipampa/edu/br/model/dao/SituacaoDAO.java</file>
        </group>
    </open-files>
</project-private>
